[
    {
        "ID": 2,
        "Name": "Tsamo",
        "Vorname": "Ivan",
        "Alter": 65,
        "Wohnort": "Wilhelmshaven",
        "Telefon": "466666266664626",
        "Email": "ivan@gmail.com",
        "Aufgabe": "SAP-entwickler",
        "Bild": "..\/image\/ivan.jpeg"
    },
    {
        "ID": 4,
        "Name": "fsfewfewf",
        "Vorname": "ewfdsf",
        "Alter": 89,
        "Wohnort": "fdsfdsffdsfdsf",
        "Telefon": "01789541852",
        "Email": "nana@gmail.com",
        "Aufgabe": "fdsfdsfsdfs",
        "Bild": "..\/image\/ivan.jpeg"
    }
]